,userId,movieId,rating,timestamp
12,200,222,5,876042340
189,200,673,5,884128554
194,130,379,4,875801662
199,130,216,4,875216545
201,256,452,4,882164999
243,200,318,5,884128458
290,130,1014,3,876250718
326,200,304,5,876041644
367,200,96,5,884129409
385,130,1017,3,874953895
417,256,781,5,882165296
503,200,365,5,884129962
519,256,849,2,882164603
527,130,109,3,874953794
577,130,642,4,875216933
656,130,1246,3,876252497
663,256,127,4,882164406
692,200,11,5,884129542
872,130,1217,4,875801778
879,256,443,3,882164727
897,256,86,5,882165103
944,256,761,4,882164644
1007,130,1248,3,880396702
1013,130,105,4,876251160
1129,200,892,4,884127082
1136,256,472,4,882152471
1186,130,569,3,880396494
1236,130,307,4,877984546
1238,256,487,5,882164231
1263,130,949,3,876251944
1285,200,588,5,884128499
1338,130,234,5,875216932
1429,256,220,3,882151690
1490,200,478,5,884128788
1534,200,291,3,891825292
1608,130,901,1,884624044
1665,130,542,3,875801778
1666,130,806,3,875217096
1672,130,316,4,888211794
1751,256,25,5,882150552
1898,256,771,2,882164999
1959,130,206,3,875801695
1964,200,24,2,884127370
1987,130,731,3,876251922
2046,256,716,5,882165135
2172,130,267,5,875801239
2205,130,245,1,874953526
2354,256,939,5,882164893
2372,256,765,4,882165328
2519,130,931,2,880396881
2533,256,413,4,882163956
2559,200,241,4,884129782
2586,256,1057,2,882163805
2622,130,366,5,876251972
2746,200,665,4,884130621
2845,130,332,4,876250582
2891,256,692,5,882165066
2913,130,161,4,875802058
2930,256,819,4,882151052
2976,130,815,3,874953866
3043,256,280,5,882151167
3063,130,200,5,875217392
3081,130,622,3,875802173
3099,256,29,4,882164644
3116,200,402,4,884129029
3138,256,802,3,882164955
3183,130,410,5,875802105
3199,130,993,5,874953665
3262,330,11,4,876546561
3273,130,876,4,874953291
3334,130,682,4,881076059
3336,130,568,5,876251693
3341,330,136,5,876546378
3389,200,227,5,884129006
3423,330,235,5,876544690
3445,332,770,3,888098170
3492,332,566,4,888360342
3585,200,72,4,884129542
3587,130,56,5,875216283
3684,200,409,2,884127431
3685,332,975,3,887938631
3715,256,642,4,882164893
3762,200,265,5,884128372
3768,200,586,4,884130391
3829,130,172,5,875801530
3866,130,546,4,876250932
3877,332,693,5,888098538
3905,130,550,5,878537602
3908,256,756,4,882151167
3923,130,231,3,875801422
3970,200,103,2,891825521
3980,256,778,4,882165103
3981,200,229,5,884129696
4010,200,191,5,884128554
4038,256,291,5,882152630
4108,256,278,5,882151517
4109,200,820,3,884127370
4154,130,204,5,875216718
4161,332,228,5,888359980
4309,332,229,5,888360342
4312,200,225,4,876042299
4368,130,930,3,876251072
4397,256,235,3,882153668
4441,332,284,5,887938245
4455,130,572,3,878537853
4471,332,232,5,888098373
4480,330,584,3,876547220
4505,130,71,5,875801695
4506,130,50,5,874953665
4703,130,772,4,876251804
4732,130,418,5,875801631
4739,332,451,5,888360179
4838,256,276,3,882151198
4870,330,121,4,876544582
4899,130,125,5,875801963
5059,200,431,5,884129006
5074,256,932,3,882150508
5120,130,566,4,878537558
5126,130,413,3,876251127
5133,130,55,5,875216507
5158,330,51,5,876546753
5165,200,286,4,884125953
5193,330,215,5,876547925
5264,130,90,4,875801920
5354,200,528,4,884128426
5366,332,233,4,888360370
5403,332,673,5,888360307
5459,332,1188,5,888098374
5537,200,831,4,891825565
5621,332,98,5,888359903
5632,332,595,4,887938574
5645,130,1277,4,876250897
5648,130,748,4,874953526
5662,256,195,5,882164406
5671,130,148,4,876251127
5672,130,229,4,875802173
5691,130,1215,2,876251389
5730,332,44,3,888360342
5824,256,1289,4,882150552
5870,256,1028,4,882151690
5875,200,7,4,876042451
5928,256,97,4,882165103
6073,130,58,2,876251619
6079,130,47,3,875801470
6127,200,218,5,884129410
6207,130,276,4,878537447
6237,130,228,4,875216420
6391,130,222,4,874953769
6397,256,1119,3,882165032
6420,330,447,4,876546619
6471,256,576,3,882164603
6522,200,121,5,876042268
6545,130,357,5,875216933
6611,130,158,5,875801897
6641,332,156,4,888359944
6664,256,172,3,882164443
6728,130,3,5,876250897
6759,130,374,4,875217392
6781,200,357,5,884128498
6803,256,662,2,882165032
6829,130,183,5,875801369
6857,332,148,5,887938486
6897,130,946,4,875801830
6916,332,1150,3,887938631
6937,332,696,3,887938760
6957,130,49,4,875802236
6967,332,1016,5,887916529
6989,130,346,4,884623704
7000,130,53,3,876251972
7102,332,258,5,887916151
7109,256,783,4,882165328
7131,332,1013,3,887938798
7137,330,596,5,876544690
7189,130,743,2,878537778
7193,130,12,4,875216340
7220,130,335,3,875801254
7236,330,465,5,876547250
7254,130,1047,5,875801897
7317,330,575,4,876547165
7327,330,8,5,876546236
7370,130,672,5,875801920
7374,256,202,3,882165032
7378,332,82,5,888098524
7406,200,25,4,876042234
7440,130,84,4,876252497
7495,200,143,5,884128499
7504,200,82,5,884129656
7534,330,44,5,876546920
7540,130,22,5,875217265
7552,130,63,4,876252521
7607,330,823,3,876544872
7640,130,1016,4,874953698
7665,130,779,4,878537558
7734,130,150,5,874953558
7770,200,29,4,884130540
7870,130,1228,3,878537681
7886,200,33,4,884129602
7898,200,205,4,884128458
7900,256,161,5,882164559
7945,130,367,4,875801369
7989,332,655,5,888360248
8007,330,204,5,876546839
8012,200,294,4,884125953
8014,130,596,4,874953825
8059,332,300,5,887916188
8078,200,570,4,884130484
8102,130,625,5,875801750
8147,200,45,3,884128372
8150,330,50,5,876544366
8205,130,685,3,874953895
8238,130,333,5,875801239
8239,332,288,5,887916151
8325,332,332,4,887916411
8361,256,12,5,882164696
8378,130,678,4,874953526
8414,256,385,5,882164603
8423,330,181,5,876544277
8431,256,49,4,882165238
8454,200,151,3,876042204
8480,200,38,3,884130348
8640,200,578,5,884130085
8652,256,1040,3,882152604
8700,256,982,3,882152630
8741,332,354,5,888189331
8749,332,271,4,887916217
8751,130,959,4,876251865
8766,200,15,4,884127745
8772,130,405,4,875801984
8843,130,210,5,876252288
8865,200,173,5,884128554
8871,332,7,4,887916547
8955,332,181,5,887916529
8961,330,603,5,876545625
8970,130,4,2,875801778
8985,200,313,5,884125806
9036,256,294,3,882150053
9073,130,134,5,875801750
9080,130,940,3,875217392
9221,330,38,4,876546948
9289,330,213,5,876546752
9315,330,1016,3,876544480
9316,130,353,1,888211764
9380,332,1218,5,887939171
9440,256,1207,3,882164999
9445,130,254,2,876251160
9491,256,728,4,882165296
9524,332,97,5,888359903
9550,330,275,5,876544366
9557,330,255,4,876544278
9608,200,174,5,884128426
9623,332,235,3,887938723
9655,330,485,5,876546839
9822,200,685,4,876042493
9826,330,208,5,876546409
9937,256,181,4,882164444
10018,200,743,3,891825607
10053,330,97,5,876547220
10069,330,58,5,876546132
10106,130,240,4,875801750
10112,332,978,4,888098459
10135,130,1274,2,878537853
10153,130,541,3,876252307
10158,256,866,4,882151198
10242,200,473,4,876042493
10324,130,281,4,876250850
10339,130,282,5,875801750
10442,332,291,4,887938439
10494,200,231,4,884130679
10639,332,449,4,888360438
10668,200,208,5,884128904
10707,200,373,4,884130754
10776,200,584,4,884129542
10794,130,284,2,874953728
10840,256,2,5,882164480
10842,332,218,5,888360396
10843,130,1208,4,875802211
10907,130,94,5,875802058
10910,200,196,4,884126833
10920,332,728,4,893027298
10932,130,508,4,874953557
11012,130,833,4,876251037
11067,332,249,3,891214777
11078,130,1049,3,876251341
11110,330,549,5,876547355
11115,130,66,5,875802173
11179,330,570,4,876547674
11215,130,669,4,888962754
11363,332,871,3,887938351
11397,256,552,3,882164927
11506,130,742,5,876251053
11510,130,39,4,875801496
11660,330,72,5,876547087
11668,130,496,5,875216593
11708,330,47,5,876546409
11755,332,928,5,887938706
11769,256,846,4,882151167
11780,130,729,4,876252042
11795,256,370,3,882153321
11875,200,560,4,884130655
11900,200,391,4,884130484
11958,256,77,3,882164955
11979,332,204,4,888098088
12050,200,2,4,884130046
12125,332,717,3,887938760
12216,256,9,4,882150644
12340,332,342,4,892484976
12343,256,226,5,882164644
12388,330,80,2,876547737
12409,130,322,4,874953525
12467,200,1060,3,876042340
12597,256,51,4,882165135
12611,200,768,4,884130592
12620,256,974,3,882164059
12622,130,358,4,874953526
12692,200,840,4,876042525
12831,200,929,4,876042979
12844,200,802,4,884130485
12881,130,363,3,876250781
12939,130,33,5,876252087
13029,256,864,4,882151623
13032,130,286,5,874953239
13081,332,879,4,887916385
13201,330,1028,4,876544953
13211,256,188,5,882164559
13234,332,934,2,887938886
13257,330,692,5,876547032
13322,130,176,5,881536127
13327,130,28,4,875217172
13339,330,200,5,876546668
13348,200,183,5,884128554
13349,200,8,4,884128904
13356,332,1244,4,887938798
13362,130,174,5,875216249
13374,130,1207,1,880396861
13375,130,443,5,876251446
13396,130,226,5,876252420
13399,256,406,3,882152605
13456,130,393,5,876252472
13461,130,99,5,875216786
13582,256,7,4,882151017
13688,200,215,4,884129346
13694,130,356,4,880396792
13717,200,112,3,884127370
13731,332,409,3,887938601
13740,200,1033,2,891825441
13744,256,4,5,882164525
13769,332,22,5,887938934
13782,256,120,1,882163754
13865,332,546,4,888098432
13882,416,125,5,893213796
13926,332,5,5,888360370
13949,416,724,4,886316409
13959,332,410,4,887938486
13985,330,845,5,876544432
13993,330,153,5,876545970
14040,130,597,4,874953866
14071,130,800,4,875802237
14072,416,250,4,876697074
14087,330,172,5,876546619
14097,416,874,1,876696853
14142,130,128,4,876251728
14163,256,566,5,882164559
14165,130,184,4,875801695
14208,200,148,4,876042340
14257,256,827,3,882163857
14282,130,195,5,875801470
14314,416,348,3,886314660
14330,332,831,3,887938760
14371,200,559,4,884129920
14392,130,567,2,876252225
14411,416,356,5,893213019
14424,200,1228,4,884130721
14429,256,742,5,882150552
14437,130,534,5,874953728
14444,416,578,4,886318546
14454,200,717,4,876042493
14462,130,69,5,875216718
14537,416,69,4,876699027
14539,332,866,2,887938631
14542,130,270,5,877984734
14597,130,298,5,874953769
14674,256,722,3,882165269
14694,130,217,3,875801940
14703,130,975,5,876251357
14708,416,272,5,893214332
14762,130,147,4,876250746
14770,330,88,5,876546948
14772,200,228,5,884128372
14786,416,1188,3,886318953
14853,416,210,5,893213918
14864,200,1411,3,884130289
14865,416,43,1,886318186
14866,416,1035,3,892441480
14871,330,747,3,876546498
14944,200,210,5,884128933
14964,416,1098,3,886316271
15022,330,427,5,876546920
15066,200,674,4,884130348
15151,416,761,4,886318708
15256,332,1028,4,887938403
15274,130,588,4,875216867
15284,416,277,5,893212572
15453,416,226,4,886317030
15506,200,580,2,884130114
15509,332,144,5,887939092
15514,416,1147,4,888702100
15517,130,255,4,874953794
15540,130,168,3,875216786
15546,200,276,5,876041895
15568,416,234,5,893213644
15590,416,56,5,893212929
15613,416,134,4,878879619
15643,130,173,3,875216593
15671,200,50,5,884128400
15682,256,227,4,882164603
15792,200,652,2,884127370
15809,416,304,5,893214225
15816,330,277,4,876544690
15830,416,417,3,886317568
15839,130,798,1,878537631
15846,330,393,4,876547004
15913,200,147,5,876042451
15914,256,925,5,882151017
15923,416,738,2,886319825
15927,330,193,5,876547004
15940,256,125,5,882150552
15988,332,326,5,892484951
16018,416,532,3,888700659
16023,416,220,4,878879168
16055,330,71,5,876546236
16102,256,1061,4,882153321
16113,200,576,4,884130415
16159,416,49,4,893142283
16169,416,866,4,878879130
16188,416,32,2,888702297
16195,256,779,4,882164644
16204,200,660,3,884129209
16228,130,288,5,874953291
16250,416,404,3,886316190
16265,416,721,3,886317540
16269,416,895,4,885114446
16310,416,770,4,878880154
16324,200,597,4,876042824
16327,330,133,5,876545625
16331,130,111,5,874953825
16379,200,542,3,884130592
16410,200,123,4,884127568
16443,416,294,4,876696739
16529,256,402,4,882165269
16561,256,1086,5,882150943
16570,200,363,3,876042753
16580,330,763,5,876544337
16581,130,756,4,874953866
16633,416,475,2,876697074
16667,256,834,3,882163956
16695,416,427,5,893213019
16731,416,178,5,893213918
16737,200,432,5,884128458
16743,416,768,3,893210187
16758,416,327,4,876696853
16808,200,692,3,884128400
16904,200,135,4,884128400
16937,200,1049,3,876042922
16944,330,418,5,876546298
16965,130,1136,4,876252373
16986,416,1517,2,886320054
17006,130,619,4,876251409
17025,200,258,4,876041644
17030,256,1231,3,882164603
17072,130,271,5,879352077
17091,130,689,2,880396150
17098,330,473,4,876544632
17166,416,546,3,876697807
17186,130,881,4,875801239
17211,200,771,4,884130721
17212,332,295,3,887916529
17224,200,88,4,884128760
17239,130,243,2,874953526
17255,416,107,5,893212929
17266,256,550,5,882164525
17296,130,122,3,876251090
17321,256,368,1,882163778
17334,416,1503,4,888702629
17376,330,1044,5,876547575
17383,416,819,3,888700844
17410,330,588,5,876546033
17513,256,685,5,882151576
17516,256,775,5,882165269
17543,200,1139,3,884130484
17656,450,470,5,887139517
17657,256,1210,5,882164999
17680,450,783,3,882399818
17685,130,627,5,875801496
17715,416,479,5,893213917
17764,450,1147,4,882374497
17800,330,286,5,876543768
17808,416,399,4,878879497
17859,130,143,5,876251922
17862,332,95,5,888360060
17872,200,56,4,884128858
17879,416,1407,2,886320112
17909,332,265,4,888360370
17942,130,385,5,875802080
17943,256,237,4,882150644
17963,450,100,4,882374059
17996,256,473,5,882151088
18014,130,717,3,874953928
18055,450,58,3,882373464
18068,130,44,4,875801662
18070,330,22,5,876545532
18071,450,142,5,887835352
18102,450,801,4,882469863
18124,450,216,5,882373657
18130,450,785,3,882395537
18134,450,162,5,882395913
18148,450,144,5,882373865
18160,416,975,2,878879391
18177,450,462,4,882396928
18242,416,405,5,893213645
18250,450,384,3,882471524
18251,416,842,4,886317350
18258,416,568,4,878879861
18265,450,739,4,887660650
18267,200,125,5,876041895
18277,330,174,5,876546172
18284,256,476,4,882152914
18311,450,1269,4,882812635
18362,200,755,5,884129729
18381,256,724,4,882165103
18402,450,179,5,882394364
18409,450,38,4,882474001
18451,416,92,3,878880244
18452,416,833,3,888700719
18487,416,941,3,876699946
18495,332,127,5,887916653
18522,330,66,5,876547533
18526,416,41,3,886319177
18546,330,419,5,876546298
18556,416,51,5,893212895
18572,416,506,5,893214041
18574,416,284,4,893142144
18577,130,268,4,875801210
18628,450,659,5,882374217
18639,450,252,3,887834953
18657,450,1160,5,886612330
18664,130,41,3,875801662
18679,200,420,5,884129837
18713,416,71,4,876699994
18716,450,566,4,882373928
18721,130,230,3,876251895
18739,330,77,4,876547220
18762,450,496,5,882373532
18781,332,120,4,887938818
18783,450,679,1,882374422
18802,450,387,5,882376446
18814,332,53,3,888360438
18834,416,117,5,893212930
18845,450,908,1,885945114
18851,416,1092,3,886320054
18906,450,265,5,882371526
18912,450,1226,4,887660820
18931,330,161,4,876545999
18944,200,140,4,884129962
18957,416,959,5,893213404
18974,450,183,4,882394180
18985,330,527,3,876546071
18988,130,295,3,874953698
18994,416,332,4,876696823
19006,416,64,5,893212929
19022,130,1273,2,880396792
19023,330,95,5,876546105
19028,332,684,5,888360370
19042,130,202,5,875216507
19075,450,1037,2,882473760
19085,416,174,5,893213917
19113,416,301,5,893213796
19125,130,68,5,875216283
19157,130,721,3,880396278
19163,200,393,4,884129410
19200,130,564,4,875802137
19202,416,266,3,876696853
19257,256,1090,2,882164999
19288,450,194,5,882373786
19312,450,902,4,889569016
19332,416,734,3,886319434
19359,416,246,4,876697205
19403,130,433,3,875216718
19404,450,1263,4,882396799
19437,130,890,4,880396249
19444,450,64,4,882373656
19451,450,1036,2,882468686
19456,330,73,5,876546782
19466,450,942,5,882812558
19489,256,121,5,882151123
19513,416,230,4,886316797
19515,450,467,4,882374332
19528,256,748,4,882150192
19532,416,54,5,893212929
19544,256,831,4,882152943
19560,416,287,4,878879237
19561,130,684,5,875802236
19570,450,1212,4,882396799
19655,450,97,4,882396351
19664,450,762,3,882469627
19713,450,143,5,882394364
19714,330,70,4,876546470
19731,130,554,4,876252288
19735,450,583,4,882473914
19745,332,54,4,888360396
19753,416,254,2,878879391
19759,450,480,4,882372178
19786,450,846,3,882471524
19802,130,331,3,875801345
19805,416,607,5,893212622
19828,450,561,4,887660762
19879,416,936,5,893214127
19890,450,487,4,887660504
19894,416,22,5,893212623
19903,130,218,5,875801388
19968,332,174,5,888359866
19970,200,739,4,884130046
19992,450,2,4,882474001
20027,450,237,5,887660650
20049,200,419,4,884129232
20062,450,39,4,882376282
20088,416,1012,4,876697205
20128,416,213,5,893213443
20151,450,778,3,887834953
20215,450,815,3,882396153
20229,130,343,4,881536273
20235,330,118,5,876544582
20237,256,98,5,882164696
20252,450,708,4,882397049
20253,416,966,5,893212483
20270,130,305,4,886023938
20298,450,400,3,882468790
20310,416,1478,2,886319906
20319,256,583,5,882164603
20390,416,202,4,876699334
20399,200,58,4,884129301
20412,332,106,4,887938687
20431,330,67,4,876547500
20458,416,168,5,893212929
20467,416,85,3,893210246
20490,330,370,4,876545058
20554,330,1084,5,876544432
20561,450,495,4,882395052
20576,472,401,4,875982727
20589,416,501,5,893213918
20621,472,11,5,892790676
20625,200,99,5,884128858
20627,450,382,3,882377479
20650,130,249,5,876250746
20663,450,518,4,882374134
20685,256,89,5,882164525
20696,450,110,4,882469250
20697,450,1203,3,882373723
20709,472,193,5,875981789
20719,200,188,4,884129160
20721,130,1046,4,880396831
20746,200,679,4,884129920
20763,472,877,3,892789947
20765,130,1039,4,875216420
20815,450,710,3,882468931
20826,472,258,5,892790953
20829,450,660,4,887660762
20835,256,38,4,882164927
20854,450,152,5,882395052
20863,472,168,5,892791062
20865,416,549,4,886316922
20892,450,304,4,882216108
20896,416,10,3,876698364
20906,472,449,5,875982967
20916,450,520,5,887136083
20922,450,604,4,882373231
20968,416,106,3,876697913
20986,450,642,4,882397939
21048,200,1,5,876042340
21072,472,826,3,883904224
21080,450,494,3,882373385
21089,130,132,5,875802006
21119,416,258,5,893213549
21145,200,515,5,884129381
21172,330,252,4,876544734
21181,416,928,3,878879391
21182,450,211,5,882373865
21211,416,288,5,893213796
21214,472,1011,4,875979187
21234,450,847,4,882376188
21292,472,233,4,875981759
21309,416,652,4,876699526
21332,450,559,3,882376446
21389,450,1446,4,882812558
21398,200,495,3,884129092
21419,450,204,4,882377590
21433,130,658,5,875802173
21456,472,931,2,883904681
21471,450,904,5,889568507
21476,416,1521,3,892440206
21480,450,1092,3,882469627
21516,472,689,4,883903273
21527,332,182,5,888098088
21546,416,723,4,886318827
21557,450,281,4,882399664
21574,416,560,3,886319079
21590,450,526,4,882396245
21613,256,225,4,882152605
21632,416,480,5,893213918
21641,130,450,2,878537602
21683,256,1,5,882150980
21773,472,977,3,875979317
21776,450,139,5,882812558
21821,450,200,3,882376188
21826,332,1315,2,887916623
21839,200,841,3,876042556
21858,416,929,4,876698255
21868,130,555,4,888211930
21880,450,367,3,882376282
21883,472,940,4,875982560
21896,416,217,4,886317880
21909,200,280,4,884127798
21933,450,553,2,882373928
21958,256,620,3,882151743
21980,416,496,5,893212572
21981,416,1089,2,876697695
21986,330,357,4,876546439
22001,416,930,3,878878814
22033,416,1007,5,893213918
22055,450,523,5,882371904
22057,332,1011,3,887938631
22059,332,298,4,887916575
22080,200,546,3,884127745
22105,200,826,4,876042556
22110,330,699,5,876547032
22182,256,234,5,882164696
22188,416,385,5,893213103
22195,450,685,4,882374134
22207,416,176,4,876699652
22212,200,451,4,884129006
22229,330,238,5,876546323
22252,130,746,5,876252012
22268,200,1419,5,884130679
22300,130,472,4,876251072
22315,450,478,5,887835272
22347,416,338,3,880159023
22351,416,204,5,893213404
22425,416,997,3,876699526
22454,332,8,5,888360108
22456,416,328,5,893213644
22497,332,293,4,887916624
22505,332,12,5,888098205
22507,130,469,5,876251693
22517,416,53,2,876699946
22525,416,1041,3,886319408
22548,416,123,4,876697205
22560,332,257,4,887916575
22572,200,1219,3,884130289
22602,450,177,4,887136369
22603,130,769,3,880396541
22626,450,742,4,882396564
22654,450,1044,4,887139844
22690,450,509,4,882398567
22693,472,118,4,875979082
22697,416,366,4,886318128
22712,130,54,5,876251895
22719,130,1151,3,877984840
22720,416,443,5,893213549
22735,472,756,4,875978922
22765,130,1267,4,875217265
22778,450,89,5,882371311
22779,256,1109,4,882164867
22799,416,1139,3,886318768
22844,450,238,5,882396928
22908,416,1495,3,886318707
22918,130,501,5,875801716
22924,450,29,3,887661438
23003,416,259,2,885114559
23009,330,864,4,876544278
23019,332,815,4,887938224
23041,416,423,4,878880195
23072,200,282,4,884127745
23086,130,888,3,881076146
23091,472,250,5,875978059
23124,332,11,5,888359882
23125,330,148,4,876544781
23134,472,1210,3,875983484
23140,472,625,4,875981968
23144,450,15,3,882812350
23147,450,837,4,887835478
23196,130,1034,2,876250833
23247,450,65,3,882376885
23251,416,708,4,889907392
23270,450,49,5,882469728
23271,450,176,4,882373088
23319,332,982,3,887938601
23331,330,91,4,876547426
23346,472,232,4,875983321
23351,256,118,5,882151123
23363,450,434,3,882372027
23416,450,729,4,887139517
23431,450,1184,1,882397049
23473,416,105,2,876698430
23498,256,232,3,882164525
23534,416,126,5,893213103
23539,200,1034,3,891825521
23575,416,276,3,876697243
23579,256,769,5,882164955
23580,332,159,5,887939071
23584,256,568,5,882164603
23601,472,181,5,875978034
23602,256,56,3,882164406
23623,472,1091,4,875982804
23644,416,155,5,893212895
23649,256,1228,1,882164643
23653,450,70,4,882374497
23658,256,1114,4,882153699
23668,416,197,5,893213103
23710,450,728,3,887834953
23729,332,763,5,887938421
23745,416,1091,3,892441516
23749,130,299,3,874953526
23777,472,400,5,892791062
23817,130,262,3,877926419
23839,416,55,2,876699102
23881,330,132,5,876546498
23884,416,554,3,886318394
23892,416,747,5,893212929
23897,450,174,5,882374422
23909,416,402,5,893212623
23915,200,69,5,884128788
23920,130,27,4,875802105
23931,450,1047,4,882469941
23942,130,423,5,875216978
23950,472,120,5,883904649
23973,130,252,5,876250932
23980,416,11,4,876699238
23988,200,169,5,884128822
24018,416,297,4,876697448
24020,472,151,3,875978867
24063,472,195,5,875982005
24072,450,723,3,882399818
24109,416,289,3,876696788
24123,130,269,4,881075976
24145,256,403,4,882164603
24180,472,763,4,875978922
24223,472,747,5,875982051
24224,450,477,4,887660762
24251,450,419,5,887660504
24258,450,689,3,882216026
24319,450,582,4,882394097
24335,416,1037,2,892440156
24347,450,270,4,882216108
24365,472,682,4,887297923
24368,472,318,5,892791017
24369,332,273,5,887938277
24374,450,7,4,882376885
24399,472,609,5,875981551
24432,450,155,4,882396564
24439,450,12,4,882373231
24440,416,82,5,893213444
24444,450,774,4,882399818
24456,200,177,4,884129656
24461,450,383,2,882468790
24473,416,531,5,893212572
24496,450,488,4,882371415
24530,416,339,5,893214225
24558,130,248,3,874953769
24559,450,145,3,887661438
24566,472,685,3,875978740
24595,416,21,3,876697415
24604,450,401,3,882397224
24638,130,892,3,884623832
24651,450,301,4,882216475
24673,256,31,5,882164867
24692,416,83,5,893213444
24695,450,468,4,882376803
24702,416,633,4,876699757
24732,450,157,3,882394180
24745,416,142,4,886319340
24765,450,771,3,887835478
24776,416,739,5,893212896
24796,472,380,5,875982511
24832,472,27,4,875980283
24849,416,77,4,893142480
24851,200,226,4,884130085
24868,416,317,5,893213444
25031,416,14,4,876697017
25044,130,246,4,874953698
25063,450,650,4,882376446
25081,450,288,3,884097913
25084,130,765,4,876252420
25139,416,1336,1,878879350
25150,416,1400,4,886317029
25154,450,95,3,882395167
25162,450,1,4,887835272
25212,256,106,4,882153724
25215,450,154,3,882377590
25224,130,235,4,874953728
25230,130,411,5,876251217
25242,330,63,3,876547165
25273,330,98,5,876546033
25290,416,93,4,876697105
25297,330,99,4,876546172
25300,472,71,2,875981281
25330,416,257,3,876697205
25342,450,1020,4,882376365
25373,450,712,3,882470642
25386,450,227,3,882398313
25396,416,196,5,893214128
25398,450,923,5,886612198
25403,200,984,3,884125996
25423,330,94,4,876547426
25426,330,28,5,876546526
25433,472,758,1,875979359
25434,416,515,5,893214041
25440,256,785,4,882165296
25447,472,568,5,892790676
25458,416,692,5,893212484
25536,332,931,2,888360532
25574,450,1222,3,887834953
25591,450,1152,5,882812558
25611,130,692,5,875801422
25630,416,750,5,893214128
25637,416,682,3,877902163
25646,450,101,5,882399359
25661,450,395,3,882470642
25671,450,1050,4,882812349
25673,450,94,4,882468239
25690,330,451,5,876547813
25703,416,790,4,886318270
25708,450,272,5,886449009
25752,256,79,5,882164406
25755,200,28,5,884128458
25763,416,81,5,893213405
25767,450,629,4,882397940
25805,416,241,5,893213796
25901,416,331,4,890021365
25915,416,845,4,876697361
25974,416,1074,5,893213103
25980,472,739,5,875982967
25987,472,255,5,892791017
25990,416,225,1,876697330
26017,450,225,4,887662002
26026,256,684,5,882164480
26038,472,365,4,875983129
26061,416,283,5,893213796
26074,472,88,2,875982607
26115,450,402,4,882395662
26121,330,568,5,876546752
26148,416,347,4,893214333
26159,472,1469,4,875982337
26176,450,736,5,882395167
26216,416,1426,5,893212572
26220,416,268,4,876696643
26237,130,982,1,880396831
26251,130,532,5,876250955
26278,416,329,3,886314592
26341,450,707,5,882373786
26413,450,60,3,882472089
26472,450,613,4,887660650
26482,450,465,4,887834823
26500,450,747,4,882395166
26503,472,141,4,875982200
26506,472,501,3,875982868
26525,416,367,5,893212572
26541,450,493,4,887660722
26587,416,219,4,876699946
26616,472,411,4,875979113
26619,130,82,5,875802080
26647,472,1095,4,883904614
26651,450,123,2,882373464
26652,472,135,4,875982051
26665,532,58,4,888636374
26671,330,554,3,876547500
26686,472,578,5,892790952
26691,416,746,5,893213444
26696,450,10,4,882398567
26717,472,217,5,875982867
26759,256,185,5,882164696
26773,200,107,3,884128022
26781,130,261,4,874953525
26794,450,514,5,882468931
26800,416,346,4,886314592
26813,532,603,5,893119491
26819,450,1041,4,882469432
26879,416,94,2,886318546
26897,416,915,5,893212483
26906,256,815,5,882151743
26916,330,729,5,876545721
26928,256,741,4,882151517
26975,450,13,3,882373297
26989,332,264,3,893027312
26991,332,456,4,887938556
26995,532,95,5,893118711
27011,532,70,4,888634801
27030,200,392,5,884128858
27049,450,451,4,882398220
27072,416,25,4,876697243
27100,416,785,3,888703399
27104,532,369,3,874792142
27125,472,552,5,892790576
27135,450,418,4,882395914
27137,472,395,3,875982559
27161,256,88,5,882165296
27171,330,293,3,876544311
27186,532,216,5,893119438
27249,416,710,4,893142441
27251,472,475,5,892791017
27264,532,333,4,875441189
27268,416,144,5,893212730
27280,450,611,5,887135833
27290,532,399,3,888630360
27294,416,393,4,886316118
27308,416,158,3,886319235
27372,450,258,4,882216108
27385,416,468,5,893213549
27429,416,783,3,886318768
27481,416,931,3,886315822
27523,200,982,2,891825589
27532,416,684,5,893213405
27563,256,210,4,882164443
27570,330,135,3,876546172
27573,532,132,5,893118711
27574,450,905,5,885945656
27591,256,15,5,882150644
27605,450,1479,3,882377479
27669,256,22,5,882164259
27692,416,13,5,893212623
27728,330,210,5,876546866
27735,130,98,5,875216507
27742,416,67,4,886318740
27749,130,939,4,876252041
27761,450,502,5,882469061
27785,472,720,5,875982096
27795,416,879,3,892439224
27801,130,929,4,876251160
27842,450,792,4,882396050
27845,472,1248,4,875983427
27866,130,159,4,875802211
27871,532,746,5,893119438
27896,532,769,2,888630531
27897,256,54,5,882164955
27925,256,1041,4,882165328
27941,450,131,4,882377861
27962,416,452,3,886319106
27978,332,1090,5,888360508
27986,416,248,5,893213103
28041,472,288,5,875977682
28073,416,448,3,886316797
28080,200,179,4,884129029
28082,532,348,4,886364825
28117,450,673,3,882396928
28118,416,917,4,893214332
28158,130,31,4,875801801
28174,450,56,4,882371645
28176,200,89,5,884128788
28178,332,597,5,887938486
28185,450,940,2,882471737
28229,450,1192,5,887137066
28230,256,233,4,882164479
28253,256,174,4,882164406
28259,450,158,3,882471524
28272,450,203,4,882396799
28293,332,322,4,887916365
28294,450,193,5,882372027
28308,416,972,4,891476265
28349,450,612,4,882396564
28453,450,1054,2,882812495
28477,200,195,5,884128822
28486,450,134,3,882373597
28493,532,655,5,892861435
28521,130,665,3,876252175
28546,200,54,4,884129920
28547,200,98,5,884128933
28548,256,117,5,882150313
28612,532,412,2,874795951
28622,450,99,4,882376803
28644,450,607,5,887135753
28645,416,473,2,876697387
28647,532,692,5,893119336
28649,130,79,5,875217392
28676,416,12,5,893212572
28697,472,374,2,875982922
28718,332,370,2,887938849
28723,130,407,2,876251388
28799,472,97,3,875981281
28828,532,1119,5,893119415
28834,532,345,4,884594358
28856,532,96,5,892867296
28864,450,127,5,882373155
28865,416,588,5,893213644
28919,450,428,4,887660722
28931,532,338,3,879931705
28982,450,378,5,882373995
28992,130,237,5,874953621
28993,532,301,4,874999563
28997,416,354,4,893214333
29032,532,235,3,887041328
29076,416,326,5,893214041
29106,256,794,4,882165135
29130,416,156,5,893212895
29144,416,916,3,893141069
29150,416,627,5,893213918
29167,416,87,5,893212484
29173,130,313,5,884623736
29193,416,720,4,886318128
29200,330,660,5,876546752
29211,416,985,3,876697165
29212,416,812,4,893212623
29229,416,98,5,893213644
29231,532,938,3,892519553
29255,450,294,4,882370316
29258,532,690,4,876696258
29271,472,743,4,883904504
29280,130,974,4,876250932
29315,416,70,5,893213019
29326,450,469,4,882396153
29354,532,763,5,892866230
29361,532,532,3,887040858
29387,330,197,5,876546071
29414,532,492,4,888637105
29440,450,208,5,882377358
29460,450,290,4,882399509
29488,200,325,5,876041719
29501,551,684,5,892783212
29523,551,578,5,892784672
29531,472,3,5,892790676
29545,130,477,4,875216593
29567,472,368,3,875979685
29568,332,333,5,889069499
29578,551,756,1,892784437
29596,450,1030,1,882468789
29616,532,312,2,884594422
29619,450,632,5,882395914
29640,332,1047,3,887938652
29644,416,264,3,876696938
29654,450,663,4,882373019
29685,450,878,2,884098534
29695,416,316,3,888700030
29699,551,405,3,892783612
29701,450,132,5,882374422
29728,416,249,3,876697558
29730,332,824,3,887938818
29831,330,151,4,876544734
29833,532,682,4,877898976
29866,551,552,3,892784259
29869,551,13,1,892783411
29896,450,751,5,885945114
29900,532,373,3,888630658
29902,416,865,3,886316477
29903,472,559,5,875981708
29906,450,1039,5,887137271
29908,450,967,5,882373994
29934,450,1603,3,887139728
29979,472,633,4,875981428
29987,532,515,5,889327324
30026,450,472,4,882397813
30046,330,470,5,876546267
30049,416,388,2,886320177
30089,200,411,3,876042824
30091,532,331,4,890021268
30141,532,210,5,888637085
30153,416,576,5,893213103
30203,551,690,5,892775584
30204,472,755,4,875981829
30209,130,181,5,874953621
30231,416,357,5,893213645
30240,532,205,5,887788806
30242,551,365,5,892784524
30272,450,474,5,882812558
30280,551,864,5,892785091
30291,130,894,4,884624087
30310,332,328,5,887916217
30312,450,765,3,882471362
30328,472,658,5,875983231
30333,416,58,5,893212929
30336,472,1119,5,875983023
30340,416,795,2,892440060
30384,416,462,5,893212895
30414,332,746,5,888360129
30416,551,286,4,892775466
30435,551,458,2,892784166
30441,450,482,5,882371904
30443,551,31,4,892783451
30498,416,143,5,893213918
30500,450,1261,4,882472964
30503,450,614,4,882377479
30504,532,468,5,893119491
30533,130,227,3,875801868
30550,200,549,4,884129567
30570,416,140,4,886317030
30574,450,700,1,882469863
30588,532,685,5,892521554
30593,532,586,4,888636373
30600,532,591,5,893119335
30623,472,49,5,875982607
30639,332,70,2,888360179
30647,416,775,4,893142245
30698,416,526,5,893214226
30729,256,151,5,882151623
30738,200,866,4,891825324
30739,472,1053,4,875982397
30745,472,455,4,883903686
30750,450,92,4,887660650
30774,551,950,2,892783861
30779,130,412,4,874953866
30784,551,260,5,892775869
30793,551,576,2,892784743
30823,532,284,5,893119438
30829,551,223,4,892776650
30834,551,292,3,892775612
30843,551,581,5,892783972
30852,551,181,2,892778074
30854,416,416,4,886319038
30865,551,22,5,892776650
30905,472,1,5,892790627
30918,256,739,5,882165135
30956,472,99,3,875981595
30979,256,288,5,882150122
30985,532,242,4,888817735
30992,130,1089,2,876250718
31003,532,241,5,892859148
31028,450,928,3,882397813
31076,450,589,3,882813241
31093,416,245,2,876696788
31101,532,721,4,874791671
31174,472,38,4,875981358
31194,130,420,5,876252472
31207,532,1470,5,888630402
31210,532,562,5,892859148
31212,551,132,5,892777583
31226,332,369,4,887938556
31231,200,358,5,884127221
31245,532,421,5,888637085
31252,450,591,4,887660762
31302,551,561,5,892785363
31309,551,318,5,892776824
31318,450,385,4,882396489
31319,450,282,5,882377653
31341,532,155,4,888630086
31348,332,237,5,887916529
31372,416,237,3,876697330
31379,416,1300,3,886315494
31390,450,305,4,885944806
31396,200,401,2,884130085
31403,416,934,2,876698178
31436,450,275,4,882372178
31437,416,242,4,888819254
31449,416,1051,3,886319079
31504,450,873,3,882216475
31525,532,500,5,889235367
31530,130,1095,3,876251192
31577,256,66,4,882165103
31610,416,827,4,878879350
31619,472,561,5,875982050
31642,532,538,4,881048155
31644,130,100,3,874953558
31646,416,298,4,876697387
31664,416,585,1,886318085
31708,472,431,5,875982607
31762,472,393,3,875983129
31780,551,274,2,892783488
31782,450,195,4,882371826
31800,450,299,2,889568793
31813,472,177,4,875981358
31824,551,237,4,892777825
31852,130,215,5,875802035
31863,450,153,5,882374422
31897,450,381,2,882374497
31921,472,229,5,875982560
31923,532,1496,2,874795634
31926,256,36,3,882165269
31928,551,582,5,892783749
32033,472,655,5,875982397
32043,532,1046,4,874790629
32044,200,68,5,884129729
32048,332,123,4,887916653
32062,450,231,3,887662002
32067,130,250,3,876250833
32097,551,91,1,892783025
32116,472,473,4,875978867
32130,416,689,4,885114578
32140,472,748,5,875977682
32142,200,760,4,876042753
32194,551,316,5,892696165
32204,332,679,5,887939021
32227,416,403,5,893212730
32232,200,758,3,884127370
32264,450,865,4,887136139
32267,416,194,5,893214041
32276,532,568,5,892521554
32279,416,251,5,893213405
32282,551,566,5,892783212
32291,450,484,3,887662002
32315,450,1033,3,882468401
32374,450,199,5,882371732
32450,416,1516,5,893213549
32457,532,1415,2,892520390
32463,416,591,5,893212895
32473,416,9,5,893212572
32479,416,469,4,893141989
32492,416,286,5,893212929
32493,551,121,5,892783411
32494,472,362,5,892790627
32515,532,734,3,874791786
32517,416,918,4,893214332
32524,416,1,5,893212483
32526,200,63,4,884130415
32571,551,161,5,892782936
32593,551,50,2,892776336
32605,472,355,3,892790003
32609,332,252,5,888098524
32612,450,311,4,885945425
32650,450,433,3,882469061
32678,130,565,3,880396541
32685,551,135,5,892778129
32689,532,66,5,893118712
32731,551,616,5,892777052
32751,532,300,5,888635239
32763,416,559,3,886317272
32786,551,15,5,892782936
32788,472,117,3,875978740
32813,416,127,5,893213796
32835,416,432,2,878879861
32849,532,829,3,892520073
32864,332,282,5,887916692
32876,416,1217,4,886319366
32902,532,1210,4,888636373
32937,532,485,5,893119491
33010,551,959,5,892784166
33019,532,153,4,888629670
33056,450,1140,2,882471362
33082,551,307,4,892775516
33083,450,315,4,884098435
33109,472,930,5,875979317
33113,551,742,5,892782838
33120,330,105,4,876545150
33129,551,238,5,892777638
33166,532,168,5,892519934
33223,416,1048,3,876698255
33224,416,824,2,876697592
33243,532,818,2,888631077
33282,416,864,3,888700529
33284,551,185,5,892777885
33295,551,355,4,892776041
33317,416,628,4,876697283
33359,472,196,4,875982005
33377,416,307,1,889907392
33402,450,790,2,882374332
33427,472,417,4,875982337
33430,450,371,3,887661961
33460,472,123,4,875979317
33467,200,501,4,884129504
33517,472,4,3,875980418
33537,472,80,3,875981230
33544,130,11,5,875216545
33548,450,357,5,882373531
33575,551,203,5,892782975
33614,551,746,5,892777013
33639,256,203,4,882164867
33677,472,951,1,875983426
33683,130,118,4,874953895
33690,551,340,4,892775584
33739,472,746,5,875983023
33740,532,679,5,888629565
33746,472,370,4,875979317
33760,416,433,4,886316226
33779,256,405,4,882151088
33800,416,980,4,886314987
33807,450,1172,5,882373231
33865,130,1244,4,876251192
33875,332,1,4,887938245
33889,200,890,4,884127082
33896,416,678,2,876696788
33902,416,1014,3,876697847
33914,450,1401,4,882372103
33934,416,1540,4,893142245
33966,416,1160,4,876697760
33971,551,62,5,892784524
34039,472,790,3,875981968
34044,330,216,5,876546470
34054,200,527,4,884129656
34072,551,1267,4,892783906
34131,416,275,5,893212484
34146,256,808,4,882164559
34189,551,343,4,892775869
34203,330,177,4,876546267
34205,532,403,4,892865321
34242,416,313,5,893214226
34285,330,739,5,876545368
34306,450,354,4,892141784
34329,200,568,5,884128372
34343,472,567,4,875982922
34352,472,477,5,875978387
34353,416,564,4,892440782
34369,450,54,4,887138820
34372,256,147,4,882152540
34391,551,241,4,892783057
34436,130,449,4,878537516
34475,532,302,5,875441085
34507,551,991,2,892775935
34511,130,5,4,876251650
34513,532,117,5,893119335
34522,472,924,2,875978994
34721,416,1226,3,893013826
34731,551,1518,4,892785363
34748,450,558,3,882396050
34825,416,199,5,893214225
34833,332,405,4,887938503
34835,450,241,4,882376658
34856,130,403,5,876251922
34875,416,203,3,886316596
34876,551,193,5,892777363
34905,330,126,5,876544480
34909,416,121,5,893213645
34912,532,404,5,893119336
34920,330,866,5,876544998
34928,332,470,5,887939157
34981,551,755,4,892784008
34986,551,127,5,892776420
34995,532,266,4,875441640
35023,416,50,5,893212730
35040,532,750,5,884594358
35077,551,43,2,892784976
35113,551,423,1,892782975
35140,416,498,4,876699287
35144,200,552,4,884130540
35147,200,756,3,876042493
35164,256,5,5,882164727
35167,551,692,4,892777092
35222,330,31,5,876546812
35233,450,1402,2,882473230
35237,450,207,4,882374497
35249,416,161,4,886316739
35254,551,944,2,892784320
35263,450,550,4,882473915
35276,332,227,5,888360371
35277,416,375,1,886319930
35283,200,1091,4,884129814
35288,532,592,3,874791850
35299,472,218,4,875980120
35306,450,637,4,882395662
35314,551,955,3,892783411
35332,332,841,4,887938669
35346,130,452,4,880396495
35349,330,651,5,876547311
35363,130,1079,3,876251217
35376,472,204,5,875980823
35394,532,895,3,884594450
35400,416,937,2,876696823
35426,450,414,3,882396564
35456,450,340,4,882216178
35531,416,763,5,893212623
35547,551,25,1,892783366
35568,551,471,5,892783365
35576,532,329,4,886364769
35585,532,38,3,874789332
35586,130,427,5,875217033
35592,450,506,5,882373088
35602,130,470,2,875217096
35612,450,313,5,882811655
35633,551,273,4,892782865
35656,472,946,2,875981122
35659,472,418,3,875980120
35676,450,1221,5,887660722
35695,551,719,1,892784898
35702,450,283,3,887661961
35705,450,692,4,882373724
35710,551,1067,2,892785091
35722,200,472,4,884127890
35751,450,80,3,882471737
35786,130,328,4,874953525
35839,532,11,5,893119491
35862,551,1087,1,892784437
35879,532,195,5,892521554
35901,130,62,4,876252175
35906,416,712,4,886318795
35959,130,1231,4,878537778
35977,416,762,3,876697524
35978,551,748,4,892775612
36025,200,43,3,884129814
36055,551,2,2,892784780
36065,200,423,5,884129275
36066,450,66,4,882398770
36084,472,378,4,875981759
36096,200,141,4,884129346
36155,551,550,5,892784130
36186,450,222,3,882395778
36187,532,545,2,874791976
36198,130,436,3,875801573
36201,450,647,4,887136622
36206,450,192,4,882467868
36241,532,1337,3,874790930
36258,450,549,3,882377358
36269,472,715,4,875982607
36287,532,831,2,874790629
36294,332,234,5,888360342
36305,532,121,4,888636374
36308,551,698,4,892782734
36375,472,234,4,875980081
36392,551,317,5,892777092
36468,450,136,5,882812349
36483,416,696,3,876697524
36494,551,651,4,892776750
36501,450,610,4,882371904
36581,472,588,3,875979797
36594,532,250,3,891910110
36624,130,354,5,888211701
36659,532,879,3,892519328
36660,450,35,2,882468790
36711,472,1036,4,875983484
36721,450,507,5,882373020
36737,450,490,5,882373786
36744,256,657,5,882164727
36775,416,658,5,893214226
36794,551,447,5,892783711
36796,532,470,5,892859148
36798,416,7,4,876697205
36826,472,72,5,892791017
36835,551,384,1,892785223
36843,256,1051,4,882150552
36867,416,195,5,893214128
36925,551,1207,1,892785300
36932,450,510,4,887660722
36946,416,88,3,886316140
36948,416,29,2,886318228
36984,551,808,3,892783791
36995,332,895,5,887916385
36998,532,865,2,888630531
37046,532,259,3,884594498
37083,551,1314,2,892783750
37085,130,1028,4,876250805
37152,450,164,4,882396050
37189,416,36,2,878879809
37201,551,79,5,892776824
37269,532,1426,3,874791506
37299,416,660,5,893213404
37349,551,42,5,892783212
37372,450,135,3,882373231
37392,472,550,5,875983066
37431,472,584,1,875980377
37467,416,312,3,885114480
37483,330,501,5,876546719
37490,200,117,5,876042268
37516,130,589,4,875216717
37525,416,821,4,886317146
37526,416,364,2,886319855
37535,532,1502,1,874796400
37549,256,1047,4,882151743
37565,472,751,5,892790628
37590,416,778,3,886316835
37615,130,816,5,880396518
37632,450,735,4,882377590
37673,416,1016,5,893213444
37687,551,715,1,892785128
37693,330,432,4,876546753
37786,416,1220,3,886318155
37816,532,472,5,893119335
37819,532,177,4,888636501
37830,551,780,5,892785431
37843,450,245,4,892141986
37872,532,357,5,892519935
37896,551,334,4,892775970
37901,130,864,2,874953595
37945,472,541,5,892791017
37952,450,842,4,882376446
37954,551,354,3,892775752
37957,256,323,5,882150193
38005,200,235,2,884128065
38007,551,56,5,892776450
38045,551,846,3,892783942
38075,551,1035,2,892778244
38150,416,748,4,876696687
38161,551,291,4,892778337
38162,472,1228,4,875983270
38211,551,658,5,892783559
38219,532,151,5,892519935
38230,532,914,5,893118711
38247,130,289,5,874953291
38267,330,168,3,876546439
38295,450,714,4,882472144
38317,330,993,4,876544632
38328,551,825,5,892784049
38392,130,24,5,874953866
38400,551,268,4,892775516
38408,532,526,5,893119415
38427,450,4,3,882373865
38428,532,419,5,888635366
38485,416,662,4,876699994
38509,450,302,5,882215617
38541,330,257,5,876544609
38591,532,689,4,880484527
38608,450,121,3,882395537
38621,256,1046,4,882164927
38657,532,601,3,888629518
38672,551,527,5,892777123
38673,532,658,5,893119335
38677,450,430,4,882377590
38683,551,98,5,892776524
38724,472,66,5,875981158
38726,551,1079,1,892785431
38750,551,912,3,892775723
38786,532,929,3,874791786
38792,416,538,4,885114408
38812,472,771,4,875983427
38813,472,384,3,875982051
38816,256,356,3,882164927
38823,472,228,5,875979910
38836,532,1226,4,893015131
38846,472,90,5,892791063
38851,416,1132,2,876697913
38854,551,234,4,892777092
38861,256,451,4,882165135
38862,416,24,5,893212730
38910,472,73,4,875981317
38924,332,105,2,887938631
38934,551,222,5,892783411
38960,450,1425,4,882471737
38992,130,895,5,884623799
39020,551,174,4,892776650
39054,551,240,3,892784673
39137,130,342,3,881076199
39161,532,353,2,886364951
39190,551,183,4,892776824
39208,450,686,4,882473826
39237,532,197,5,889235367
39241,551,12,4,892776419
39256,450,775,4,882469432
39282,416,185,4,876699101
39287,332,210,5,887938981
39303,416,396,2,886318587
39310,532,926,3,888630146
39330,130,65,4,875216786
39342,130,763,5,874953728
39346,450,312,4,882812205
39362,450,205,4,882373531
39405,532,1221,5,874788957
39425,256,282,3,882151017
39426,551,1376,1,892784524
39432,332,651,5,888098060
39436,416,209,5,893214332
39450,200,496,5,884128904
39462,551,827,5,892784710
39469,130,527,5,875801447
39472,200,48,2,884129029
39525,330,195,3,876546694
39602,450,81,4,882376188
39648,416,419,4,892441448
39688,551,479,3,892776380
39701,130,465,5,875801596
39704,532,148,5,888817717
39712,472,185,5,875980081
39714,200,161,4,884128979
39747,450,1286,3,882377479
39757,450,525,3,882467271
39773,130,531,5,875216628
39775,416,685,3,876697955
39859,416,73,3,876699994
39933,532,51,5,888635365
39938,551,975,5,892784130
39944,450,77,4,887139143
39956,130,315,4,884623887
39970,450,921,4,882372178
39979,551,156,5,892777723
40005,551,875,4,892775970
40045,416,651,4,886316439
40047,450,1048,3,882397813
40049,416,181,5,893213019
40063,416,676,5,893213549
40091,551,80,1,892785300
40112,450,965,4,882394364
40113,450,26,5,882396489
40153,450,651,5,882376658
40170,200,193,4,884129209
40171,532,482,5,888629254
40224,551,717,3,892785164
40240,532,450,2,874796421
40272,330,69,5,876546890
40286,551,118,5,892784008
40341,532,164,5,892519934
40344,551,591,5,892783612
40368,330,205,3,876546105
40417,551,172,2,892778164
40464,472,56,5,875979853
40480,532,252,4,888636478
40524,551,505,5,892777397
40535,532,501,5,889235367
40542,532,292,4,884594621
40562,472,665,4,875983023
40564,130,578,5,878537681
40566,472,7,5,892790953
40595,332,756,2,887938687
40670,472,68,5,892791017
40700,416,319,5,893213444
40749,200,483,5,884128426
40787,472,1090,5,875983321
40790,532,354,4,887672256
40795,450,934,3,882471362
40830,450,1444,4,882468239
40846,472,485,3,875980377
40896,551,1169,4,892778297
40935,330,100,4,876544277
40953,472,21,3,875978686
41009,450,71,3,882377358
41012,450,98,4,882371732
41020,551,421,4,892778202
41021,416,137,3,876697165
41071,332,845,3,887938421
41148,532,305,3,878372701
41189,551,402,4,892784049
41209,416,369,2,888701033
41213,532,9,5,893119438
41237,450,233,3,882474001
41327,450,141,3,882377726
41344,450,956,4,882394097
41357,551,38,1,892784553
41401,532,510,5,888635197
41409,130,934,4,876251341
41434,416,44,4,886316596
41542,200,118,4,876042299
41574,450,491,3,882373297
41614,416,471,5,893213645
41629,450,185,5,882376365
41637,416,239,5,893212730
41643,472,768,5,875982771
41644,450,448,4,882371526
41646,200,132,5,884130792
41649,450,169,5,882371732
41661,256,1424,3,882165066
41688,256,283,3,882150313
41730,332,122,5,887938886
41758,450,1441,3,882397940
41765,472,548,1,875982867
41779,416,717,2,876697283
41797,416,1054,3,876698083
41810,450,1153,5,882397223
41811,450,328,4,886449488
41840,551,476,5,892784259
41846,450,421,4,887834823
41852,200,385,5,884129696
41859,130,67,4,876252064
41869,551,230,5,892782901
41889,416,31,5,893212730
41892,200,748,3,884125953
41896,551,431,4,892777583
41920,332,450,5,888360508
41936,472,254,4,875978191
41983,332,172,5,888098088
42019,551,693,5,892777943
42037,450,182,5,882376585
42065,416,187,5,893214128
42071,450,163,4,882377358
42091,450,83,4,882372027
42122,200,91,4,884129814
42140,472,834,3,875979685
42151,332,121,5,887916692
42223,130,398,3,878537516
42261,551,979,4,892784479
42287,551,3,5,892784093
42338,472,343,5,892790628
42354,551,455,1,892783525
42391,332,77,4,888360343
42506,130,1210,2,880396831
42530,532,26,3,888629359
42610,450,187,5,882373597
42612,256,679,3,882164525
42634,472,183,5,875980376
42679,416,86,1,886316439
42685,130,538,5,884623983
42710,450,661,3,882373231
42731,532,915,4,891909850
42765,551,5,4,892783314
42766,450,471,4,882396153
42774,532,364,3,874791976
42777,332,406,3,887938601
42788,200,509,4,884129602
42794,551,332,4,892775547
42824,200,462,4,884128858
42941,472,577,3,875982680
43003,200,924,5,876042368
43006,551,157,4,892782765
43018,256,319,2,882150053
43022,200,443,5,884129468
43070,551,313,4,892775389
43086,330,1,5,876544432
43105,532,1207,2,874790439
43161,256,1208,3,882164927
43188,416,431,4,886316164
43201,450,239,5,882373865
43212,472,12,5,892791017
43223,532,508,4,888636373
43277,532,330,4,888636373
43283,450,497,5,882374422
43290,551,176,4,892776876
43301,551,180,5,892777052
43359,472,121,5,875978600
43419,472,41,4,875982511
43442,416,333,4,876696788
43452,450,264,3,882370581
43470,450,966,4,882377861
43490,551,76,4,892778202
43516,551,917,3,892775466
43517,532,1,5,893119335
43550,256,975,3,882151017
43557,532,559,5,892859148
43698,256,363,3,882163834
43741,130,64,5,875801549
43765,450,527,5,882374059
43832,330,102,4,876546586
43846,450,731,3,882398084
43930,256,538,5,882150122
43932,551,943,5,892783451
43949,416,1262,5,893213019
43964,532,251,4,888636374
44044,532,1188,4,874790998
44055,416,754,5,893214128
44080,200,62,5,884130146
44093,472,28,5,892791063
44163,200,410,3,876042204
44191,450,823,3,887139729
44194,450,274,4,882469627
44195,450,380,5,882398939
44216,551,728,2,892785331
44258,472,78,1,875982967
44267,472,928,4,875979562
44364,416,463,4,886316703
44407,551,685,1,892782901
44415,416,472,4,876698204
44474,450,316,4,889568753
44475,450,166,5,887660440
44491,450,125,4,882376803
44508,450,535,3,882812636
44511,330,969,5,876546409
44515,130,29,3,878537558
44541,472,569,4,892790676
44594,551,595,2,892784744
44631,416,1441,3,886318546
44665,532,636,5,892859149
44699,130,1279,4,876251217
44722,416,737,3,886318613
44782,200,582,4,884129782
44841,130,294,5,874953337
44844,416,27,4,886318270
44870,532,335,3,888636389
44913,472,373,4,875983129
44934,332,742,5,887938224
44945,472,576,5,892790952
44950,450,1208,3,882399359
44997,450,393,4,882812349
45005,450,845,4,882373385
45061,330,15,5,876544366
45121,532,554,4,874790813
45246,450,609,5,882398312
45254,551,70,4,892783057
45313,450,1091,4,882468047
45323,200,622,3,884129782
45336,416,425,4,886316647
45352,532,307,4,880831630
45358,551,544,4,892784093
45387,472,1110,5,875981429
45419,416,395,2,886319620
45450,472,69,5,892790628
45457,450,1220,5,882398084
45464,330,283,5,876544432
45586,130,38,4,876252263
45604,551,696,2,892785194
45658,532,29,3,888636521
45660,532,97,5,893119415
45705,330,708,3,876545598
45708,130,392,4,876252243
45717,472,51,5,875981708
45722,450,1271,2,882468686
45740,450,79,4,882376446
45746,416,834,3,878879314
45752,416,281,5,893213103
45767,450,1116,3,887661961
45794,450,278,5,882473476
45810,551,144,5,892778035
45874,450,969,4,882376584
45906,532,506,5,889235367
45929,450,277,3,882397223
45951,450,1248,4,882399664
46006,472,271,5,892790628
46063,332,628,4,887938556
46068,551,554,5,892783906
46069,551,217,1,892784093
46079,416,713,4,876697448
46099,532,125,5,893119415
46104,450,191,5,887660440
46171,256,988,4,882150193
46274,416,686,5,893213444
46292,416,476,5,893213796
46306,532,228,5,893118712
46326,472,313,5,892790628
46399,416,840,4,886315536
46488,551,1217,1,892784524
46531,472,29,5,875982867
46536,472,63,4,875982511
46556,416,28,5,893212730
46558,450,455,4,882376188
46586,532,771,3,874791172
46594,551,328,5,892775584
46650,416,707,4,876699179
46662,450,197,5,882374059
46665,416,815,4,876697243
46703,256,678,5,882150192
46723,450,86,4,887660440
46733,472,392,4,875981503
46741,450,432,4,882377861
46771,130,475,3,874953595
46787,256,460,4,882153987
46799,416,990,2,876696739
46807,450,287,4,887660504
46832,551,272,5,892775389
46847,256,243,4,882150193
46883,472,240,4,875979187
46973,332,294,5,887916324
47016,551,90,1,892784199
47042,472,101,5,875981624
47072,450,807,4,887834823
47116,416,1058,5,893213019
47147,551,331,5,892775584
47192,416,211,5,893214041
47218,450,51,4,882377358
47231,532,346,5,885761690
47301,472,1047,4,875979082
47345,416,794,5,893213019
47409,416,955,4,876699839
47434,551,24,5,892783142
47542,130,1088,2,876250805
47588,200,202,5,884129275
47592,130,1275,5,876252288
47615,416,172,5,893213796
47626,450,606,5,882371904
47683,551,1419,1,892785332
47707,472,404,3,875982922
47736,472,1058,4,875980081
47750,551,11,5,892777052
47777,130,2,4,876252327
47855,332,230,5,888360342
47898,416,781,4,893142283
47919,416,1469,3,878880195
47958,450,1435,4,882471362
47999,532,451,4,874789474
48046,332,96,5,887939051
48084,450,761,4,882398939
48102,450,67,3,882469941
48104,551,216,5,892777609
48174,532,1039,4,888629863
48229,532,796,5,888635445
48269,551,849,5,892785128
48279,472,890,4,883903272
48280,450,479,4,882371526
48282,256,387,4,882165328
48308,472,391,2,875983129
48320,416,97,5,893213549
48367,450,705,4,882373656
48380,450,821,2,882812495
48491,450,622,5,882468239
48507,130,290,3,876250955
48516,332,323,5,888098276
48570,416,42,3,876699578
48598,532,227,4,874788566
48659,450,90,4,887660650
48695,532,135,3,888629938
48714,551,117,5,892782807
48745,130,455,4,874953728
48760,256,628,5,882150848
48778,472,1074,5,892790676
48809,551,710,5,892777753
48829,416,200,5,893213103
48859,200,455,3,876042340
48868,551,235,1,892784629
48870,551,188,5,892783672
48938,551,55,5,892777753
48945,472,895,4,892790628
48950,200,405,3,884127370
48996,551,282,5,892777092
49025,532,44,5,888637085
49081,416,216,5,893213444
49084,332,56,5,888098256
49105,532,925,4,892520642
49134,256,182,4,882164479
49169,450,709,3,882371826
49197,416,843,3,886317748
49241,130,321,5,874953291
49252,332,38,2,888360488
49295,532,267,3,875441348
49351,472,226,5,875982867
49355,416,66,5,893213019
49398,551,747,3,892783025
49428,532,268,4,875441085
49438,532,898,4,884594575
49473,416,500,5,893212573
49520,551,44,4,892777825
49556,256,82,5,882164559
49612,450,500,4,882376188
49642,450,396,2,882469941
49675,472,1002,4,883904649
49687,450,202,4,882397223
49700,416,99,4,876700137
49824,551,627,3,892783906
49870,532,824,4,888634802
49875,332,833,5,887938556
49915,551,195,5,892777052
49937,472,672,4,875982771
49940,450,530,3,887661843
49941,416,807,4,886319649
49953,551,572,1,892784672
50010,416,1053,4,886319434
50020,416,849,3,886318676
50022,551,315,5,892775389
50028,472,540,3,875982239
50029,450,427,5,882371415
50100,450,481,5,882373231
50116,200,95,5,884128979
50126,450,936,5,889569270
50129,416,322,3,876696788
50154,416,792,4,876699526
50175,551,95,5,892783791
50240,551,227,5,892783488
50263,450,73,3,887661438
50265,551,1047,4,892785264
50300,416,619,4,886315423
50313,200,323,3,884125973
50359,532,570,4,888629804
50361,450,1028,4,882469250
50484,450,112,2,882468307
50598,332,222,4,887916529
50599,551,735,5,892783110
50601,532,946,5,888635366
50624,551,68,2,892783972
50661,551,182,5,892776824
50667,551,186,5,892783142
50699,450,503,4,882371311
50714,532,402,5,893118712
50715,416,401,2,886318651
50731,332,313,5,887916125
50768,450,716,4,882469166
50795,472,1035,4,875981759
50801,330,559,3,876547500
50827,130,932,3,876251389
50840,450,82,3,887834953
50930,472,122,3,875979153
50976,450,126,5,882396051
51007,450,373,3,887834953
51018,472,239,5,875982398
51037,416,252,4,876698115
51064,256,123,2,882150508
51111,416,412,2,892440119
51197,551,356,4,892783829
51205,472,43,4,875982560
51235,256,218,3,882164727
51239,450,280,4,882397940
51302,472,64,5,875981829
51342,532,795,2,874789538
51412,416,65,5,893212930
51422,551,411,1,892784437
51438,472,186,5,888183325
51461,532,842,4,888635407
51480,472,780,4,875982922
51517,416,133,2,876699903
51524,332,452,4,888360508
51526,532,72,3,888636538
51527,532,619,5,889235367
51699,532,24,5,892867296
51751,551,198,5,892778035
51752,450,292,5,882215922
51782,332,118,5,887938330
51813,256,1042,5,882164927
51840,472,173,5,875982641
51842,551,150,3,892782807
51998,416,592,3,892441347
52015,450,422,3,882467991
52114,551,708,1,892783830
52139,551,204,4,892777673
52143,532,77,5,892519935
52144,532,676,5,892521554
52194,472,82,5,892791017
52225,450,869,4,882470064
52237,472,1034,3,875979359
52244,416,1020,5,893212483
52269,256,471,5,882150644
52276,416,873,5,893213645
52292,130,808,5,878537631
52314,332,79,5,888098088
52324,130,236,5,876251160
52346,450,476,4,882469306
52367,532,295,5,884594761
52475,450,443,4,882377861
52531,551,762,5,892784130
52567,416,318,5,893213549
52577,551,1139,4,892785263
52589,551,1443,5,892784942
52613,450,832,2,882468307
52633,200,596,4,876042584
52677,330,385,5,876546378
52764,450,226,4,882474001
52775,551,924,5,892783451
52800,551,774,5,892783314
52873,551,448,4,892783242
52929,450,939,4,882376803
52996,532,269,4,891288537
53008,416,159,1,886317412
53036,551,739,4,892784710
53039,130,185,5,875217033
53057,472,2,5,892790676
53061,551,72,5,892783972
53117,450,608,4,882373088
53326,551,1135,5,892785331
53351,532,147,4,888634802
53359,416,755,4,893214333
53417,416,735,5,893213549
53626,416,2,4,886317115
53644,551,77,3,892784130
53650,532,315,3,888636423
53696,450,631,4,882394251
53759,416,8,5,893212484
53773,130,179,4,875217265
53784,532,411,3,874792031
53787,256,284,4,882151576
53791,130,827,4,876251312
53807,551,324,3,892775824
53840,532,535,5,888637085
53896,416,154,4,876699839
53947,450,167,5,882469863
53973,532,52,4,888629446
54045,551,66,2,892783281
54064,450,693,3,887139232
54065,416,295,5,893213405
54077,472,210,5,875981664
54174,330,185,4,876546236
54180,551,732,4,892783711
54192,551,73,2,892784130
54211,532,318,5,893119439
54260,450,431,5,882473914
54307,532,4,5,893119415
54336,450,1521,3,882812350
54393,130,944,4,876252042
54528,130,1245,3,876251312
54579,551,88,4,892783314
54603,332,125,5,887938224
54611,416,183,5,893214127
54625,532,708,4,877634392
54694,200,71,4,884129409
54718,450,602,4,882373532
54777,532,498,4,888629124
54842,130,329,4,874953337
54874,472,132,5,875979853
54930,416,378,5,893212896
54938,416,191,5,893213019
54968,416,729,5,893212896
55010,551,1621,1,892785194
55123,472,323,4,892790117
55173,450,1053,3,882396352
55321,130,156,3,875801447
55356,416,693,3,878879976
55367,450,648,5,887660503
55379,450,715,3,887137066
55394,416,215,5,893213644
55411,450,215,5,882396051
55418,330,1035,4,876547470
55427,551,346,4,892775547
55429,450,900,5,885944864
55437,450,254,3,887662083
55449,450,210,3,887835408
55460,532,218,5,889235367
55462,416,1135,2,886319234
55706,416,315,3,889341306
55734,551,28,4,892776982
55828,450,657,4,887660504
55987,450,88,5,882396799
55988,450,117,4,882397373
56059,551,351,3,892775894
56061,532,181,5,889235367
56065,551,147,4,892783525
56095,472,172,5,892791063
56103,332,983,2,887938886
56114,416,182,4,876698934
56147,416,1264,4,886316381
56157,450,655,4,882377653
56162,450,269,5,882215617
56223,532,230,5,893118712
56253,551,164,4,892776650
56263,416,411,3,876698006
56269,332,195,5,887939051
56271,130,1019,4,875801530
56285,130,89,4,875216458
56292,200,234,4,884129381
56346,256,1150,5,882152570
56369,551,751,4,892775797
56383,450,180,4,882373020
56442,472,465,3,875982149
56474,256,526,3,882164443
56519,532,139,5,874792232
56528,532,316,4,888631773
56613,551,232,5,892783365
56614,532,100,5,893119335
56618,416,132,4,876699652
56773,416,253,3,876697283
56778,450,1163,3,882396928
56787,256,796,5,882165328
56873,130,42,4,875801422
56905,472,1239,5,892790676
56921,450,794,5,882473476
56934,450,951,4,882399508
56957,332,73,4,888360229
56976,472,496,4,875980823
56996,551,288,4,892775466
57003,450,568,4,882397939
57006,256,546,4,882151088
57008,532,496,5,893119491
57065,130,1013,4,876251287
57106,551,202,4,892783177
57152,472,546,4,875979041
57170,450,28,4,882377861
57230,332,9,4,887916653
57242,130,426,4,875801897
57324,332,31,4,888098205
57327,551,205,5,892776575
57368,551,809,5,892784629
57413,416,136,5,893212623
57419,551,761,1,892785164
57446,200,243,3,876041719
57455,416,285,2,876697165
57467,450,633,5,887660440
57480,416,157,4,886317316
57597,472,109,4,875978686
57653,332,327,5,887916324
57656,551,410,5,892784093
57684,472,597,5,892791062
57767,450,87,5,882374059
57775,472,94,5,892791063
57789,551,603,5,892776524
57877,551,763,5,892784008
58082,130,1280,4,877984734
58149,200,94,4,884130046
58352,472,810,5,875982922
58415,332,356,3,888360396
58425,532,781,5,877635505
58601,450,1282,3,882394364
58613,551,177,5,892777274
58630,472,386,5,892790953
58676,532,722,3,888629836
58696,472,174,5,875981595
58699,450,168,5,882376803
58713,551,92,5,892783672
58805,472,742,5,883903715
58829,450,630,3,882376188
58852,472,443,4,875982149
58897,551,779,4,892785399
58943,332,240,4,887938299
59012,416,699,5,893212895
59093,532,833,4,888629804
59107,532,191,5,888635366
59187,551,802,4,892784437
59290,330,202,5,876546948
59351,532,1016,4,888636450
59404,472,33,5,875981829
59430,450,1303,4,887136016
59442,256,554,4,882164644
59480,130,1276,4,876251312
59499,416,509,5,893214041
59505,532,310,4,888634802
59528,472,562,5,875983023
59532,472,260,4,875977827
59540,532,483,5,892867296
59596,332,1042,4,888360396
59624,416,418,4,876699793
59658,130,739,5,876252420
59680,416,553,4,886317079
59723,472,215,4,875981968
59729,200,742,4,876042133
59767,450,332,4,882369964
59935,416,1428,3,886319204
60014,472,358,5,892790676
60020,450,3,4,882398220
60139,532,226,4,892859148
60180,450,717,4,887834953
60206,130,188,4,876251895
60236,130,1,5,874953595
60267,532,107,5,893119415
60275,450,557,5,882472306
60308,416,625,5,893212623
60341,450,218,4,882397224
60350,532,1092,2,888630838
60358,551,1011,5,892783177
60374,256,732,5,882165067
60375,551,518,4,892783212
60378,551,1059,3,892785128
60380,450,223,3,882371732
60413,450,499,5,882372178
60429,200,245,3,884126687
60473,450,173,5,882371526
60499,551,26,4,892785056
60523,200,1073,3,884129542
60571,450,161,5,882396245
60592,200,79,5,884128499
60593,450,1119,4,882374332
60612,551,187,5,892776450
60653,416,274,4,893142100
60693,532,931,3,892520696
60700,200,609,3,884129457
60711,416,657,5,893214225
60729,256,44,4,882164893
60793,200,1217,4,884130014
60954,332,660,3,888098125
61037,416,148,5,893212730
61045,450,229,4,882474001
61160,416,240,1,886315446
61201,256,1033,4,882152838
61280,551,1039,4,892777013
61302,330,225,4,876544507
61322,472,416,3,875982867
61361,332,117,4,887916575
61365,450,704,3,882372178
61464,330,21,5,876544953
61472,256,591,5,882151017
61544,472,24,5,892791017
61597,200,378,5,884129301
61641,450,416,5,882395779
61757,332,840,4,887938781
61816,551,468,5,892783559
61859,332,431,5,888360412
61868,450,417,4,882376365
61871,532,186,4,891910189
61925,472,161,5,875982149
61931,130,196,5,875801695
61973,200,951,5,884130014
62005,450,483,3,882371826
62019,130,95,5,875216867
62131,330,963,5,876547533
62150,416,1189,5,893213917
62159,532,431,5,892521553
62184,551,71,4,892783281
62205,532,520,5,892861434
62218,450,505,5,882376658
62341,532,82,5,892521554
62343,256,595,4,882164037
62352,450,528,5,882371526
62455,130,453,3,880396602
62480,450,570,4,887139728
62493,472,796,4,875981595
62544,551,7,5,892777638
62603,200,449,5,884130540
62674,551,461,3,892778074
62708,551,470,5,892783711
62786,450,1115,4,882395778
62821,450,196,5,882371526
63021,450,133,5,882373019
63055,450,620,4,882399818
63065,450,310,4,887660650
63107,551,796,4,892785264
63120,450,618,4,882373995
63122,332,307,5,888098170
63192,450,300,4,882216475
63337,450,114,5,887660504
63497,416,38,3,886318228
63553,450,511,5,882372178
63591,551,597,4,892784976
63695,416,614,5,893212572
63782,472,1014,4,875978191
63846,907,1057,3,880159151
63889,907,763,5,880159081
63999,551,570,4,892785264
64005,907,619,2,880159038
64082,532,79,5,889235367
64151,907,100,5,880158712
64198,416,938,3,892439155
64225,416,1077,1,886317030
64244,551,596,5,892784049
64259,200,230,5,884128400
64400,450,435,4,882374332
64401,200,9,4,884126833
64414,416,323,3,876696739
64461,472,175,5,875979910
64462,332,827,4,887938503
64531,256,322,4,882150152
64536,472,79,5,892790953
64592,332,255,4,887938330
64594,450,748,4,882370410
64670,532,633,5,888635197
64673,532,480,5,893119491
64696,472,375,5,875982680
64703,472,760,5,892790953
64710,551,357,5,892777274
64766,416,90,4,876699102
64817,551,281,5,892784320
64830,256,229,3,882164644
64924,416,803,3,886319177
64930,551,168,5,892777723
64994,416,451,5,893212623
65056,907,290,4,880159259
65126,416,690,5,893214127
65167,907,724,5,880159642
65214,907,685,5,880158960
65233,416,238,4,876699179
65258,416,1221,5,893213103
65288,532,1189,5,892521554
65291,532,1168,4,888630436
65294,200,720,4,884130114
65298,551,460,3,892784320
65301,532,272,5,884594422
65397,332,682,4,889069561
65421,450,727,4,882812635
65431,551,159,4,892784743
65445,450,926,4,882470125
65454,907,340,2,880158425
65475,532,420,4,888636374
65489,907,591,5,880158913
65555,532,7,5,893119415
65583,450,1284,3,887139594
65600,330,405,5,876544872
65631,450,749,4,892141807
65640,450,284,4,887139517
65740,256,986,5,882164059
65792,450,318,5,882373531
65796,450,968,4,882395537
65909,416,15,4,876697017
65926,450,501,4,882371416
65949,450,307,5,882216475
65966,130,347,4,884623800
66107,130,471,2,874953928
66116,330,318,5,876546377
66284,416,447,4,876699027
66313,416,151,3,876697105
66326,551,69,4,892776982
66341,450,713,3,882395778
66419,256,409,4,882163654
66468,416,232,5,893213549
66471,472,660,5,875982096
66501,256,841,2,882163857
66531,450,188,3,882395778
66550,551,636,5,892784130
66569,416,353,2,886314834
66743,130,257,4,874953665
66745,416,1011,4,885114897
66761,450,662,4,882395914
66764,130,355,4,888211731
66857,256,228,3,882164559
66907,532,136,5,892865321
66962,551,84,1,892785020
66996,551,451,1,892784976
67052,256,50,4,882164443
67190,551,294,4,892775824
67194,450,96,4,887834823
67296,551,363,4,892784710
67322,472,432,5,875979964
67372,416,1119,5,893214225
67443,907,317,5,880159910
67461,551,1028,4,892785056
67471,551,226,5,892783411
67472,332,41,5,887938997
67510,256,381,5,882165135
67531,416,550,4,886317599
67544,450,389,4,882396051
67548,450,50,5,882371415
67556,907,620,4,880159113
67575,907,274,5,880158986
67614,130,326,5,874953239
67639,472,405,5,875978600
67802,472,367,5,892790953
67817,907,825,3,880159404
67934,450,347,4,887047775
67939,907,282,4,880158939
67972,532,980,4,884594911
68016,450,230,4,882371732
68034,416,542,1,886317599
68059,532,304,5,893118711
68142,532,1428,4,874791420
68161,450,372,4,882396245
68194,416,846,3,878878779
68244,200,380,5,884129381
68249,907,828,5,880159361
68274,907,125,4,880159259
68291,551,128,4,892783829
68308,907,472,5,880159360
68335,907,301,4,880158537
68362,532,313,5,884594326
68373,332,1157,4,888360532
68387,450,181,4,882372103
68418,907,86,5,880160162
68449,551,508,4,892783366
68463,416,265,5,893213796
68496,551,34,4,892778336
68515,472,403,5,875982200
68605,130,1142,4,874953595
68641,130,373,4,878537681
68710,532,1312,4,888631036
68724,332,471,4,887938351
68773,130,552,5,876252225
68863,256,64,5,882164231
68890,472,366,4,892790952
68900,551,824,1,892784629
68909,472,230,5,875981876
68970,472,1079,4,883904360
68980,532,367,5,893119439
69009,907,147,5,885862325
69052,450,627,3,882396489
69183,472,222,5,876882530
69197,907,740,5,880158960
69231,907,181,4,880158692
69235,907,287,4,880158913
69239,472,125,5,875979041
69306,532,277,5,893119439
69493,532,588,5,893119415
69594,130,350,4,886023989
69659,551,111,5,892783612
69740,907,821,5,880160008
69786,200,172,5,884128554
69881,551,386,1,892785364
69963,450,336,3,882370464
69994,532,491,5,893119491
70005,332,748,4,887916385
70018,532,203,5,893118712
70092,551,100,4,892776486
70170,532,427,5,892519934
70256,450,235,3,887661217
70290,551,415,4,892784710
70453,416,164,5,893214041
70478,907,813,5,880158770
70591,551,673,4,892778164
70596,907,118,4,880159360
70626,416,118,2,876697479
70686,551,40,1,892785056
70687,532,1162,2,888631576
70709,450,190,4,882373385
70779,532,495,4,888634801
70796,532,105,3,874789704
70799,330,237,4,876544690
70841,907,497,5,880160204
70885,907,756,4,880159198
70907,416,421,5,893214041
70984,416,898,4,885114374
71085,450,102,4,882468047
71093,130,300,5,874953239
71246,332,226,5,887939092
71275,256,96,5,882164444
71292,472,257,4,875978096
71326,532,452,5,888630585
71337,450,403,4,887660440
71347,450,221,4,882395052
71424,472,150,3,875978686
71503,450,23,5,887136837
71625,416,791,2,886319550
71712,450,734,2,882471737
71795,256,222,4,882150313
71826,416,72,2,886318707
71841,450,671,3,882371416
71877,472,140,3,875980823
71905,532,204,5,892863286
71934,256,265,4,882164479
71947,551,67,5,892785164
71992,551,655,5,892783142
72024,130,1058,5,876252064
72032,551,531,5,892777485
72133,907,281,5,881030348
72206,907,333,5,885860288
72234,532,234,5,889235367
72284,450,43,4,887139080
72329,256,1471,3,882164999
72338,450,172,4,882372103
72380,532,339,5,892859148
72396,532,739,5,893119335
72438,907,198,5,880160162
72513,907,713,5,880159172
72585,907,729,5,880159821
72609,256,245,4,882150152
72648,907,1119,5,880159865
72709,472,426,4,875980010
72764,200,176,5,884129627
72798,551,1304,1,892783942
72917,450,345,2,884906309
73012,532,918,4,893013954
73026,450,741,3,882376282
73220,330,376,4,876547378
73259,450,118,3,882395166
73290,532,352,3,886585109
73291,450,386,4,882397049
73292,472,1139,5,875983231
73317,532,87,5,892866230
73348,200,812,4,884130621
73438,416,311,3,886314877
73464,472,252,4,875978191
73468,472,678,4,883904118
73525,330,989,5,876543930
73547,130,928,4,876251287
73554,416,179,2,876699578
73592,472,67,4,892790628
73688,532,22,5,892867296
73724,332,678,4,887916284
73784,551,209,5,892777123
73809,551,1253,2,892784629
73829,332,769,3,888360532
73841,472,421,5,875982200
73860,532,549,5,888637085
73877,200,470,4,884129782
73948,130,419,5,876251515
73961,416,302,5,893214127
74135,416,742,4,876697524
74150,130,404,5,875802137
74187,551,1044,3,892785223
74375,130,123,4,875216112
74378,130,291,4,876250932
74391,450,776,4,882468402
74459,450,519,4,887660820
74559,330,403,5,876545417
74625,416,80,2,886317825
74653,532,240,3,888629938
74809,416,477,4,892441480
74893,256,11,5,882164406
74949,472,231,5,875980418
75054,551,97,5,892777013
75092,450,866,4,882396565
75101,472,1215,4,875979562
75117,551,587,4,892783525
75174,551,720,2,892784744
75196,907,409,4,880159151
75593,450,33,5,882398083
75626,551,433,5,892777787
75722,907,596,4,880159015
75723,450,702,4,882371904
75724,472,566,4,875982727
75731,416,942,4,893214333
75771,256,665,4,882164644
75805,200,931,3,891825627
75898,472,472,5,875979153
75899,551,393,5,892782901
76041,551,125,4,892783791
76052,472,423,5,892791017
76087,532,1228,3,874789704
76120,450,1135,4,882396352
76140,551,310,4,892775516
76175,472,176,5,875981664
76221,472,227,5,875981429
76513,907,628,5,880158986
76515,907,202,5,880160204
76521,416,150,5,893214041
76556,450,485,5,882373088
76603,330,694,5,876545971
76604,551,284,4,892783110
76670,332,568,4,888098151
76699,416,875,2,876696938
76725,332,411,4,887938738
76742,416,491,4,886316596
76864,416,103,3,886320119
76870,532,982,3,888631077
76882,416,218,3,876699488
76890,551,770,2,892778244
76915,200,204,5,884128822
76930,551,640,4,892783750
76934,907,42,4,880159957
76956,450,273,3,882377726
76979,130,802,5,876252136
76997,532,12,5,893119491
77023,450,76,3,882395913
77061,450,492,5,882397049
77236,450,750,3,884098229
77247,330,422,4,876547853
77267,907,696,5,880159081
77291,907,248,5,880159038
77292,551,280,3,892778337
77294,130,1220,5,876252343
77314,551,64,5,892776380
77315,450,1311,4,887139844
77316,330,443,4,876546377
77327,532,1300,3,888632446
77428,416,924,5,893212623
77431,532,1136,2,888636558
77545,130,96,5,875216786
77580,450,1249,3,882812821
77602,330,284,5,876544311
77607,450,1107,4,887138957
77616,332,173,5,888360092
77682,450,260,2,889568753
77696,532,8,5,893119415
77856,130,820,5,876251312
77866,907,98,5,880160037
77870,450,1197,3,882395662
77873,330,423,5,876545971
77886,256,977,4,882154058
77892,416,282,5,893213796
78043,450,588,4,882376658
78059,450,546,4,887139019
78099,532,1199,3,874789155
78269,200,288,5,884125846
78334,416,293,5,893213019
78368,332,225,3,887938706
78392,472,191,5,875980283
78450,450,392,4,887660762
78516,130,389,3,875216786
78523,551,509,4,892777274
78535,256,92,1,882164603
78553,450,78,2,882396245
78586,332,367,4,888360212
78591,450,597,4,882473914
78617,907,934,4,880159222
78646,532,120,2,888630742
78684,416,415,4,886319408
78728,551,1136,5,892784049
78735,450,213,4,882396351
78818,130,1157,3,880396861
78891,551,196,5,892776982
78901,450,489,4,882373464
79060,551,1439,5,892783612
79063,450,619,3,882377861
79114,450,214,1,882371416
79116,200,429,5,884130014
79128,532,118,4,888634813
79217,532,1217,4,888630453
79236,450,696,4,882398666
79279,472,294,4,875977735
79281,130,77,5,880396792
79329,472,651,4,875981830
79330,332,147,4,887938524
79406,450,220,4,882394097
79448,907,8,3,880159688
79467,200,930,3,876042790
79494,450,812,4,882468402
79563,532,815,4,888635376
79589,416,273,4,876697415
79597,551,559,5,892784479
79709,532,426,5,888635197
79759,256,216,5,882165032
79835,551,380,3,892783488
79837,907,318,5,880159642
79857,416,510,4,876698853
79959,907,245,4,880158556
80071,416,571,3,886318860
80077,532,1407,2,874794386
80165,130,330,4,874953424
80344,551,1220,5,892784524
80361,450,571,2,882471604
80457,551,326,4,892775612
80518,532,447,4,888630205
80584,416,869,3,892439992
80792,450,1297,4,882812635
80820,907,647,3,880159844
80877,256,984,3,882150192
81002,450,725,3,882469863
81015,551,9,5,892776982
81050,416,631,3,886316295
81093,416,1337,1,876698083
81118,332,385,5,888098398
81129,416,520,5,893214225
81147,416,235,2,885115041
81150,256,274,5,882151456
81206,332,350,4,891214762
81289,907,283,4,880158827
81314,130,88,2,875217265
81331,907,275,5,880158692
81347,907,520,5,880159865
81355,551,162,5,892783242
81672,332,276,3,887938299
81700,450,322,4,882370316
81710,472,265,4,892790676
81802,472,200,4,875981158
81805,130,771,2,878537631
81866,256,187,3,882164444
81876,416,78,2,886319785
81894,450,111,4,882377590
81930,532,282,5,893119415
81949,551,54,3,892784093
82102,907,83,5,880159865
82291,551,385,5,892783791
82356,532,531,5,893119491
82379,907,284,5,881030348
82420,330,479,5,876546105
82449,907,260,2,885860511
82472,200,22,4,884128372
82540,472,91,5,892791063
82562,907,1326,4,880159512
82665,907,144,5,880159937
82681,416,269,4,876696643
82707,332,552,3,888360488
82711,551,155,4,892784259
82738,450,286,4,882215617
82908,330,64,5,876546409
82955,472,22,5,892790953
83037,256,989,5,882150192
83077,907,1040,5,880159496
83097,551,264,3,892775970
83098,450,724,5,882395537
83184,907,869,5,880160123
83229,450,457,2,882466909
83241,551,82,5,892783525
83370,907,1221,5,880160080
83470,907,689,4,885860672
83586,416,1152,4,876697105
83600,416,278,3,876698280
83621,450,259,3,887834953
83680,200,934,2,884127370
83707,450,44,3,882376658
83727,551,765,1,892785194
83763,551,218,5,892783212
83843,907,286,5,880158316
83913,907,294,4,880158502
83940,450,722,5,882471524
83941,551,184,1,892777855
84006,551,153,3,892777310
84099,450,47,3,882394180
84112,907,88,5,881030348
84229,450,616,4,882373597
84248,130,681,3,875801315
84389,907,1284,5,881030348
84396,532,761,4,874787387
84414,551,219,5,892784479
84425,450,91,4,887660763
84544,130,144,5,875216717
84847,532,298,4,892859148
84912,532,2,5,893119336
84991,332,685,4,887938277
85012,551,228,5,892783212
85039,907,1163,4,880159015
85056,330,966,5,876547311
85069,330,209,3,876547032
85079,450,699,4,882395537
85098,551,1303,1,892785399
85174,472,214,4,875979964
85270,907,462,4,880159666
85280,450,601,3,882376658
85282,450,186,3,882396799
85289,332,1210,3,888360460
85334,450,603,5,882373088
85385,130,17,5,875217096
85500,472,105,3,875979402
85620,472,825,5,875979439
85661,256,449,3,882164999
85797,416,345,5,893214332
85811,416,173,5,893214127
85852,907,117,5,880159172
85868,450,61,4,882376446
85974,551,520,4,892777339
85994,416,620,4,878879237
86001,450,11,5,882376365
86037,416,597,3,876698178
86047,472,402,5,892791063
86220,907,356,4,880159937
86222,907,322,5,881030348
86250,416,4,4,876699903
86279,532,368,3,888630991
86327,907,483,4,880159937
86350,907,699,5,880159619
86352,907,471,5,880159059
86583,907,402,5,880160037
86613,472,385,5,892790676
86616,472,831,5,875979498
86617,130,819,3,874953825
86626,551,210,4,892777787
86653,907,819,4,880159442
86669,907,185,4,880159801
86767,332,89,5,888098060
86835,472,554,5,875982771
86867,130,219,5,876252472
86885,472,916,5,892790627
87002,551,200,4,892782936
87011,416,765,4,886319522
87056,130,258,4,874953526
87110,532,917,4,892520128
87150,330,25,5,876544582
87181,330,228,5,876547220
87201,416,727,5,893212730
87218,551,333,5,892775584
87222,130,752,5,888211864
87227,450,423,5,882371904
87270,472,143,4,875980823
87362,472,581,4,875981551
87395,416,147,5,893212730
87405,450,781,4,882398220
87546,450,521,4,882394180
87658,907,96,5,881030348
87663,416,1483,4,893214333
87757,907,1244,5,880159381
87917,472,264,3,875977870
87924,551,721,5,892784898
87939,416,420,3,886318155
87984,532,834,4,874796151
88058,450,498,3,882396351
88101,907,225,5,880159442
88158,532,684,5,888635197
88168,907,268,4,885860288
88184,907,182,5,880159844
88189,551,300,4,892775687
88216,907,928,5,880159198
88223,907,1220,5,880159642
88238,907,123,4,880159442
88278,256,100,4,882150313
88290,332,64,5,888359944
88318,907,744,5,880159015
88381,200,239,3,884129602
88408,907,1167,5,880160106
88423,450,140,3,882376585
88426,416,387,3,886319288
88439,907,1157,5,885862211
88484,907,1048,5,880159404
88501,416,255,5,893214041
88521,450,151,5,882376658
88735,907,686,4,880159778
88753,532,229,5,892859148
88758,330,143,5,876546470
88774,200,1028,2,884128176
89130,332,50,5,887916675
89317,907,1051,5,880159530
89320,551,1051,4,892784593
89324,416,470,4,878880154
89418,907,19,5,880158730
89421,450,756,3,882398940
89422,532,1483,4,891909911
89461,416,223,5,893212572
89540,907,173,4,880160140
89576,450,1112,3,882396352
89647,330,117,5,876544654
89648,532,311,2,885415471
89767,551,265,4,892776336
89780,472,100,5,875978534
89782,551,672,1,892785056
89788,472,216,4,875981230
89791,450,59,4,882371904
89805,551,1118,5,892784199
89840,551,760,3,892784592
89867,551,211,5,892778035
89908,450,69,4,882373532
89970,907,1016,5,880158939
90205,907,71,5,880159911
90301,450,366,3,882396489
90323,330,82,4,876546298
90343,907,313,5,885860093
90344,551,143,4,892777274
90345,330,468,5,876547608
90427,256,21,4,882163677
90451,472,208,5,875981317
90455,450,1518,4,887138957
90521,450,405,4,882474001
90671,416,926,2,886315298
90687,450,415,3,882398220
90701,450,232,4,882398666
90706,416,1136,4,886318186
90707,416,624,3,886317237
90736,551,33,5,892778297
90761,130,203,4,875801716
90784,330,627,5,876545479
90877,472,603,5,875980376
90895,200,465,4,884129112
90957,416,330,3,885114446
90977,532,98,5,893119438
91036,532,840,4,892867296
91109,532,864,4,887041540
91167,532,1240,2,874793852
91238,907,50,4,880158692
91356,256,829,4,882153751
91412,907,25,5,880159113
91467,551,727,5,892783559
91510,532,660,4,888634801
91639,551,17,5,892784942
91715,416,303,4,876696643
91720,330,384,2,876547813
91783,472,235,5,875978994
91795,332,472,3,887938277
91833,472,95,3,875980209
91873,532,143,4,874788755
91920,907,79,5,880160008
91970,256,934,3,882163730
91978,907,475,3,880158692
91983,416,544,2,888700566
92074,532,99,5,893119438
92145,532,754,4,892854961
92161,532,453,4,888631524
92211,907,291,5,880158913
92373,416,603,5,893212484
92416,907,506,5,881030348
92452,450,504,5,882377590
92455,416,1229,2,893210527
92463,450,63,4,882469941
92515,416,1286,5,893213549
92561,416,1168,4,886318953
92562,130,239,4,878538071
92615,130,293,5,874953769
92677,907,1028,5,880158913
92806,907,476,4,880159134
92837,907,151,4,880159222
92975,450,795,3,882468790
92976,907,496,4,880159666
92997,472,50,5,875978010
93026,450,628,4,882377590
93039,416,124,4,876697017
93090,472,338,4,892790531
93095,532,248,4,888635264
93159,907,272,5,885860093
93188,472,866,5,875978600
93200,200,139,3,884130540
93208,907,697,5,880159982
93247,532,161,5,892519934
93269,907,924,5,880159240
93353,551,399,3,892785364
93399,907,762,5,880159496
93401,532,448,4,888635429
93409,472,202,5,875979737
93432,907,633,5,881030348
93435,472,419,4,875982337
93555,907,1054,3,880159598
93572,551,276,5,892783451
93636,416,732,5,893213404
93650,130,7,5,874953557
93662,330,231,5,876545418
93703,416,535,4,876697847
93734,450,22,5,882373865
93796,472,62,5,875981876
93810,907,748,5,880158537
93827,332,820,4,887938524
93911,907,121,4,880159015
93954,450,356,4,887138756
93960,332,974,4,888360532
94060,532,1594,4,893115576
94067,532,576,5,893118712
94072,907,120,4,880159562
94096,416,96,4,893142245
94129,551,568,4,892783906
94151,907,393,5,880160009
94198,450,1421,4,882399664
94234,450,25,3,882376188
94280,551,51,5,892784780
94310,907,5,5,881030348
94324,416,231,3,878880244
94328,907,258,4,880158316
94330,332,562,5,888098328
94357,532,759,2,888631120
94367,532,127,5,893119438
94424,472,356,3,875983231
94454,450,228,4,882373019
94465,416,392,5,893213444
94570,551,229,5,892784779
94592,907,710,4,880160106
94596,551,628,5,892783177
94606,907,1047,5,881030348
94741,907,277,5,880158794
94767,416,111,4,876697592
94869,200,447,4,884130014
94883,551,49,3,892783281
94902,130,751,5,884623756
95012,551,660,3,892783672
95020,416,122,3,886315885
95028,256,597,4,882152509
95105,130,794,5,875802137
95199,907,111,5,880158883
95211,532,187,4,884594932
95213,907,405,4,880159113
95230,332,245,4,888098170
95232,416,184,4,876699758
95403,332,984,2,887916411
95450,450,170,5,887660440
95485,907,553,5,880160056
95495,551,941,4,892782734
95518,551,475,5,892777910
95585,450,1126,4,887661961
95599,332,554,3,888360460
95740,907,739,5,880159982
95759,907,235,4,880159222
95770,907,129,5,885862428
95795,551,4,2,892783711
95815,551,85,1,892783749
95867,416,655,5,893213103
95874,551,89,4,892777787
95959,472,1029,4,875983321
95979,450,516,5,882396564
96015,332,302,5,893027264
96035,551,245,3,892775723
96036,532,523,5,888637085
96047,551,790,2,892783942
96055,551,96,5,892777987
96115,472,549,5,892791063
96161,907,237,5,880159059
96181,551,215,4,892778035
96245,130,117,5,874953895
96351,907,427,5,880159821
96375,332,550,5,887939092
96404,551,366,5,892784049
96425,532,407,2,874794386
96439,551,686,3,892783829
96573,200,523,4,884129627
96591,130,444,4,880396495
96690,907,312,5,885860416
96760,130,1278,5,876251127
96786,330,496,5,876546172
96804,907,172,4,880160008
96849,907,742,5,880158939
96905,551,302,3,892775389
96944,907,220,5,880159360
96948,416,17,2,886318084
96954,907,988,3,880158612
96998,450,1480,3,882468686
97044,551,546,2,892784673
97076,532,347,4,884594422
97129,907,107,5,880158939
97153,532,1011,5,893119491
97248,551,895,3,892775752
97276,130,233,4,875801750
97388,907,978,5,880159473
97444,532,215,5,892866230
97469,416,95,3,878879688
97491,332,619,3,887938524
97492,907,781,5,885862325
97618,416,100,5,893212895
97629,907,15,5,880158861
97796,416,1133,4,893142244
97799,551,233,4,892784259
97853,907,366,5,885862156
97875,551,833,3,892784166
97895,907,485,5,880160008
97933,416,310,5,893214225
97963,450,1061,4,882398313
97992,450,234,3,882396245
98026,416,300,4,876696823
98037,532,477,4,892520198
98125,907,764,4,880159113
98179,416,659,5,893213404
98183,450,399,4,882468239
98215,256,230,4,882164480
98300,130,272,5,888962577
98330,907,332,5,885862325
98382,472,96,5,875980823
98389,450,178,4,882394251
98499,551,58,5,892783451
98536,416,680,3,876696938
98559,532,332,4,876696298
98566,450,584,5,882397223
98650,551,583,3,892778369
98656,551,192,5,892776750
98688,330,732,5,876547220
98713,907,1,5,880158712
98771,907,326,5,880158448
98778,416,291,4,878879275
98800,907,271,5,881030073
98871,450,732,3,882395662
98877,907,143,5,880159982
98907,907,97,5,880160204
98925,130,761,3,876251650
98940,416,305,3,878877919
99039,450,388,3,882471604
99078,551,258,4,892775584
99177,416,1594,5,893212484
99202,256,930,3,882153258
99288,551,403,3,892782807
99393,907,288,5,880158476
99408,551,926,2,892785300
99412,416,79,5,893213405
99509,532,916,3,893115293
99614,450,1490,3,882396929
99680,907,278,5,880159016
99748,472,420,3,875982149
99771,907,815,5,880158913
99772,450,654,4,882373928
99777,532,425,4,888634801
99829,532,990,3,875511963
99833,416,153,4,886317272
99932,130,824,3,875801830
99950,130,93,5,874953665
99951,130,121,5,876250746
